,rolling_1yr_return,rolling_1yr_volatility,rolling_30d_volatility,latest_close_price,avg_30d_volume
KO,0.13324680584767123,0.1318873044063926,0.11955359898213397,76.72000122070312,17074206.666666668
NDSN,0.20359445162687306,0.17068283188684175,0.2218758845126979,263.1000061035156,368280.0
KEYS,0.7497146024276371,0.35522334727181903,0.4004351016432512,291.239990234375,1901003.3333333333
SPGI,-0.18914531189917294,0.24753170884511227,0.22177293976648593,431.1600036621094,2321476.6666666665
VLTO,-0.1445690634791298,0.17438878269749614,0.16225271195578767,88.01000213623047,2026740.0
WDAY,-0.45288329816565676,0.32136921529168466,0.33188774567114926,132.25999450683594,5978090.0
TXT,0.10831386411007138,0.19770348318933464,0.19341579010438534,88.05000305175781,1538380.0
LITE,6.91121346575039,0.7534522555619916,1.0499460933466966,826.8800048828125,7002290.0
TROW,-0.12314877465382268,0.20800729540606794,0.1537779399830659,90.16999816894531,2587520.0
VMC,0.023744314970636005,0.21033991488510181,0.24726414133352867,279.8800048828125,1523233.3333333333
SATS,3.337040523926232,0.8773118879972492,0.5187016835637988,128.67999267578125,7238646.666666667
WAT,0.004258055703467711,0.27567952913263843,0.2722360059504528,304.239990234375,1140973.3333333333
STLD,0.39068039621999606,0.27961728030082167,0.3217819296324204,180.1999969482422,1215203.3333333333
VST,-0.21040319538738028,0.4218721092490826,0.5041231004161895,151.17999267578125,4699900.0
ADI,0.41222026670276857,0.24377463201401195,0.2949642106876018,318.3399963378906,4019246.6666666665
LIN,0.07373769036954414,0.14342259966637957,0.16826438315731093,502.6000061035156,2799066.6666666665
PKG,0.0077547416849743644,0.21460584879582498,0.2423981518727517,204.4600067138672,1106973.3333333333
DUK,0.13122604351107392,0.11910155117778026,0.12943584770082184,132.22000122070312,4724590.0
PEG,-0.04320486384711131,0.15512778858707957,0.1617414172578559,81.81999969482422,2961530.0
AXP,-0.02903421543830287,0.2251094798286462,0.1723680489716943,300.17999267578125,4288436.666666667
DASH,-0.37399968752207513,0.3732521205663738,0.3479554655740133,156.4499969482422,4626220.0
TTD,-0.7440213676190213,0.5666531997550083,0.6953687965115223,22.049999237060547,23490250.0
ADP,-0.32572801207456314,0.18118547041459324,0.21267795140603574,204.00999450683594,4202573.333333333
CCL,-0.13416738589959942,0.3750229201598752,0.5009320611469871,25.639999389648438,28914580.0
HAS,0.2327736460872174,0.2180119368370059,0.24906326147140057,90.16000366210938,1669133.3333333333
FRT,0.17140752727460806,0.14396884247666128,0.1588892971023422,106.79000091552734,836173.3333333334
ROST,0.6015443541058725,0.19172206048133106,0.2868299975181197,219.97999572753906,2909180.0
TMO,0.03018421075526123,0.2232757048779783,0.25303554994078475,491.4599914550781,1998453.3333333333
TLT,0.03813044988783898,0.08080923800534241,0.10916045875254661,86.79000091552734,44656040.0
IR,-0.11672825257450314,0.27822150621231556,0.29588999505333496,77.91000366210938,3173480.0
TMUS,-0.16202920865266057,0.19047594963902634,0.1857197717762753,201.39999389648438,5636333.333333333
OXY,0.4309262371890503,0.2716774641108307,0.31206585320837676,62.970001220703125,20805960.0
XYL,-0.07706375126314546,0.2102171120547241,0.2039044198218004,121.26000213623047,1970093.3333333333
VWO,0.08502417784669847,0.13007274157612903,0.21399482513637436,53.81999969482422,13558943.333333334
PLTR,-0.0651133258134794,0.4179840082635495,0.4269920172880797,148.4600067138672,47678553.333333336
MSFT,-0.2687908385430522,0.2039555938866843,0.18613564042578262,373.4599914550781,34644716.666666664
UPS,-0.003549347333734576,0.23912700423469752,0.2621755760358266,98.18000030517578,6752420.0
SBUX,-0.023360165352164897,0.2404815224969525,0.2962577805304176,90.37000274658203,8259933.333333333
CRM,-0.30211211443446406,0.2954481433795133,0.32511131684704875,187.17999267578125,13976966.666666666
NWS,-0.15996237603694174,0.21831868317911707,0.1819870265251474,28.110000610351562,1839980.0
BX,-0.3482281004810668,0.27415656628012597,0.34529886997784487,113.05000305175781,11099666.666666666
BDX,0.07894099773918173,0.20948472268542273,0.15949123699563234,154.50999450683594,2616276.6666666665
INTU,-0.460485184433468,0.30712049824659965,0.37288472207630363,422.4800109863281,4172346.6666666665
AEE,0.139441393435477,0.12442937987034028,0.1527348806099334,111.68000030517578,1737933.3333333333
NTRS,0.11363814599028865,0.1969792918705055,0.2067716652252446,142.25,1077530.0
ED,0.15661354782079817,0.1365172710164861,0.14545195020951635,115.43000030517578,2507083.3333333335
REGN,0.35834233297770046,0.27409142548770693,0.2499351991160482,761.8499755859375,630403.3333333334
RJF,-0.14774837192122303,0.207208247452217,0.18457254533708242,142.1999969482422,1361760.0
CSX,0.16539434605179393,0.18264382112296162,0.24643752724338233,41.220001220703125,13303810.0
CVNA,-0.05482955474768325,0.5286416769561992,0.5329241398565113,313.9100036621094,3188420.0
SHOP,-0.049666481475679314,0.47073915795118787,0.4438874948138497,118.25,9369680.0
USB,0.17861367498477754,0.18519599570922637,0.16420633236291202,52.95000076293945,10663970.0
JBL,0.20799738463989348,0.3454865082610648,0.4704397581190903,268.54998779296875,1288643.3333333333
IT,-0.5573968157804213,0.4722011812388925,0.3636960582684782,157.85000610351562,1580523.3333333333
APP,0.06104789249874698,0.624247093709325,0.6246703120523436,386.3699951171875,5141130.0
GE,0.039198888459260006,0.24368019535007487,0.3464822064397184,281.1600036621094,5617266.666666667
GOOGL,0.5345103655307213,0.23826355803668334,0.2823700066934594,295.7699890136719,31721720.0
XOM,0.4917964849150984,0.18909124901338178,0.24273960998266947,160.69000244140625,24353750.0
BLK,-0.12641303119822844,0.21067719539585605,0.30420538699529026,966.5599975585938,938226.6666666666
CAT,0.6621636684083818,0.2871047983346531,0.3444089980875082,717.219970703125,2677030.0
O,0.11935598918036794,0.12782523061378726,0.13323928656712733,62.209999084472656,6501026.666666667
IBM,-0.02723057027313114,0.2855415476764452,0.2537778891494261,248.16000366210938,6359316.666666667
INVH,-0.1723331934689275,0.1809648358302428,0.18716609352137586,25.549999237060547,7353476.666666667
VZ,0.18665251715411535,0.1936698118741296,0.12199182010147433,49.400001525878906,26913786.666666668
TT,-0.09107465438314799,0.23541396823427244,0.30205983215678484,427.07000732421875,1344056.6666666667
ABT,-0.1793041548399097,0.18079642308998345,0.17651848336665896,102.87000274658203,11240406.666666666
STZ,-0.12104916240136243,0.23848467747093827,0.16537313323090405,151.1999969482422,1845770.0
FFIV,0.01329462221078681,0.2905312259571527,0.2757958971423758,303.3500061035156,743483.3333333334
ALGN,-0.17007195889420545,0.48397514002323194,0.3816652530903841,170.60000610351562,1318640.0
AEP,0.23777013315830087,0.14955294948909204,0.14540819572712615,132.67999267578125,3740263.3333333335
L,0.17702206199653436,0.12119817994209735,0.13442814573213316,107.69000244140625,686540.0
COO,-0.05925725145397298,0.260437164143035,0.24216757374301492,70.16999816894531,2120116.6666666665
TPL,0.36733407795243345,0.38222355766914773,0.39395779708325585,444.239990234375,587800.0
MGM,-0.04578559792950454,0.3102446380806604,0.33927599446277273,36.68000030517578,4942726.666666667
GOOG,0.5206266538267603,0.23280877700665797,0.2655419448033838,294.4599914550781,21235806.666666668
UHS,0.13889551374807718,0.25214621778227014,0.17065765425502402,176.6999969482422,843950.0
LOW,0.028256370327031766,0.20843119597821133,0.24391181557725475,231.02999877929688,2876066.6666666665
NOW,-0.47357011161648765,0.3247600682710205,0.3893866242012121,102.0,17230073.333333332
ADSK,-0.21498284493099584,0.2510675857235816,0.24025653105440553,238.0800018310547,2221513.3333333335
LULU,-0.2903431325781103,0.3725833139804543,0.3234698320829457,155.72000122070312,2919030.0
EXPD,0.25602669571518,0.2643219322098542,0.1788578172697642,145.80999755859375,1472090.0
IDXX,0.0077141940457705616,0.38969870145029806,0.25049355644260085,569.5499877929688,533373.3333333334
ROP,-0.36200796403876456,0.21496947724642854,0.16820939458344508,357.8800048828125,1482436.6666666667
KLAC,0.6901529583331378,0.3987856561677746,0.4617029482352043,1516.8399658203125,996906.6666666666
DG,0.12474941465887257,0.2946370453301207,0.3209493685454986,119.73999786376953,3477106.6666666665
AVGO,0.09019944485066356,0.3723697541510683,0.36617146508498555,314.54998779296875,27388920.0
GL,0.06188918641363106,0.16499677957023162,0.15706322381813445,142.60000610351562,504430.0
EME,0.1920639822372041,0.34537151194461096,0.34261131285827523,756.2999877929688,402936.6666666667
PAYX,-0.3678690089619502,0.20240121430671607,0.2562597840139678,91.69999694824219,4613010.0
ARM,-0.08616778645812151,0.4537752207542298,0.7176960879437999,149.11000061035156,6626006.666666667
STE,-0.04609286762138265,0.20660742779590224,0.21223846716083097,218.7100067138672,917320.0
MPWR,0.5735721718259126,0.38609637243875294,0.4508884802499256,1118.489990234375,552493.3333333334
AMZN,-0.09363116980795705,0.2636030388410288,0.27780749826121953,209.77000427246094,46461956.666666664
VXUS,0.12617165628909333,0.1226936351994918,0.22287924462887182,77.4800033569336,9509980.0
DHI,-0.03050336977748036,0.28618921754389565,0.2654838265023577,139.69000244140625,2634816.6666666665
JCI,0.1937697221923509,0.23363647182355968,0.3009002715482365,132.97000122070312,4232753.333333333
MRVL,0.44533134955033393,0.5002781777440487,0.7899658618732901,107.11000061035156,22705776.666666668
EW,0.013125038146972745,0.19775444431114605,0.228495021396811,81.05000305175781,4694430.0
HOOD,-0.3428707436473193,0.5659838446940213,0.5181709192190105,68.9000015258789,27191290.0
GIS,-0.2476340315354062,0.19855993157047944,0.22093111569836327,37.41999816894531,9596613.333333334
CHTR,-0.29042778600118546,0.34078134558336426,0.29788469795764866,219.7899932861328,1639486.6666666667
PFG,0.14339109903284708,0.18969554445718823,0.1744781244644416,90.0999984741211,1821450.0
WM,0.036970659518954285,0.1571313578107279,0.18106376251413125,235.4199981689453,2209576.6666666665
CTRA,0.4993334693701248,0.2322492997380595,0.2529469417049224,34.560001373291016,10834200.0
IEX,0.03391064082183126,0.22515775765792187,0.22879244024930998,190.47000122070312,814016.6666666666
MCD,0.04691636341621508,0.13323229824404056,0.14120684631046368,307.1400146484375,3247293.3333333335
MSCI,0.00752499262897488,0.2345147254948217,0.1924088148463546,544.780029296875,566003.3333333334
WELL,0.2672842255362584,0.17030935124543553,0.1984940294004263,202.3300018310547,3133443.3333333335
CNP,0.1587737439461343,0.127826882067971,0.14150230661435176,43.709999084472656,5281420.0
MAA,-0.15763333263000034,0.1549428006427649,0.14687892764904498,124.87999725341797,955753.3333333334
GM,0.36789005159676025,0.2757755092890777,0.24988051215590715,72.54000091552734,8074900.0
APO,-0.2834327389020268,0.2991065578092738,0.31903652666580884,107.04000091552734,6522636.666666667
PLD,0.2431638404459464,0.1810534207024434,0.17744995192595225,133.77000427246094,3507606.6666666665
SLB,0.4244585410696342,0.2877435572930128,0.40054769867789675,49.439998626708984,19808736.666666668
ETR,0.32941384380590755,0.1627506117753801,0.25570839282267777,114.9000015258789,2867060.0
GD,0.12112821027495757,0.1584570944533308,0.15934329279336187,349.0899963378906,1292536.6666666667
AXON,-0.4383613936220708,0.4536013801687425,0.4069176441676692,412.80999755859375,1034643.3333333334
DD,0.45535181321003315,0.25257871358830497,0.2877538718561726,45.47999954223633,4071420.0
BRK-B,-0.013882292063185475,0.1264326948617664,0.1253324044348062,477.3500061035156,4857226.666666667
CCI,-0.2121145773937967,0.2250078088839767,0.2769471124600566,84.77999877929688,3237420.0
LMT,0.5087201195881836,0.19711588933176424,0.202141157856645,622.7899780273438,1703380.0
PPL,0.0814542064448378,0.1374550945048526,0.14770122903611985,38.63999938964844,9361736.666666666
HSY,0.12625328469440755,0.21696540957864588,0.2094421615147454,206.19000244140625,1796123.3333333333
HBAN,-0.03589442677957588,0.22418741181382754,0.20268922068782771,15.789999961853027,28137373.333333332
WRB,-0.025779319911722,0.1777456562191081,0.17888586355365316,65.98999786376953,2224263.3333333335
MSTR,-0.7047722350724845,0.6054178073992164,0.539554738151476,119.83000183105469,20042623.333333332
CI,-0.07409091432320747,0.29482494362648515,0.2330596093294779,270.0199890136719,1822360.0
RSG,-0.0818036421817736,0.14682084935231904,0.15691401938589006,223.19000244140625,1269516.6666666667
TRMB,-0.2360393667459173,0.24092325361293546,0.24228857284757746,65.12000274658203,1848216.6666666667
AAPL,0.20020000980370067,0.19295046597708998,0.16308903953018422,255.9199981689453,41206790.0
CINF,0.0781507732701523,0.16741407286177298,0.1704115244701952,158.41000366210938,859093.3333333334
DVN,0.5305635930042067,0.2622764431956034,0.2556862943386708,49.4900016784668,17038486.666666668
BR,-0.3569510624807597,0.20700368719641743,0.26762790112572576,160.92999267578125,1726773.3333333333
APTV,-0.13989566311281,0.3008227388863653,0.42359348122370355,60.9900016784668,2566476.6666666665
OTIS,-0.12060109506222416,0.1666095217373397,0.2500480927826223,77.86000061035156,3945393.3333333335
GRMN,0.020587859466791647,0.26416260114953516,0.2602532783148225,237.64999389648438,863990.0
SJM,-0.09770896295157028,0.2174554452924986,0.1611451364659326,95.47000122070312,2538786.6666666665
HON,0.10328977276562545,0.17528034238990306,0.18939698517276274,229.4499969482422,3845810.0
CBRE,-0.07433760707622306,0.2654834565649334,0.2078921026124594,136.60000610351562,2312353.3333333335
DLTR,-0.05218076242995773,0.29640528873429933,0.3162170450197357,108.44000244140625,3007313.3333333335
C,0.2210673789240689,0.24225372987213797,0.28993509540890094,115.25,16164396.666666666
ITW,0.005511818977508964,0.17070465625736725,0.17518198286902836,258.2099914550781,1347016.6666666667
CL,-0.019269113384202563,0.17650580178228997,0.19204931508991613,85.13999938964844,6611090.0
LEN,-0.24351011474386997,0.30345462214593955,0.31144986808132774,86.48999786376953,3272626.6666666665
EFX,-0.2541033451341538,0.29927213299504496,0.3077081061584466,182.38999938964844,1623110.0
TECH,-0.0923292014599153,0.33325467455003777,0.3307520526709336,53.130001068115234,2347136.6666666665
EMR,-0.10911212517508428,0.25201586853123215,0.3035500674834397,131.6999969482422,2982983.3333333335
TDG,-0.2240852078597695,0.2271230291624162,0.1864890086209355,1167.0,396026.6666666667
NKE,-0.4099913852878808,0.3071544273368349,0.479255719976965,44.189998626708984,21606720.0
APA,1.2468540979552376,0.36934026087105676,0.34480966778435496,42.040000915527344,10183240.0
OMC,0.006694358515572096,0.300941082573308,0.19022461360796702,74.80999755859375,5705133.333333333
SNA,0.12971297449439656,0.15275419641619142,0.15284214700260024,365.5799865722656,403296.6666666667
WAB,0.2922849940205521,0.18618481160271663,0.2651822133587515,253.91000366210938,879960.0
WDC,3.2966040073386864,0.5937312028421131,0.7279629998680728,294.9700012207031,9161043.333333334
ALB,1.1500072948382019,0.5099202234772812,0.410770392658474,178.08999633789062,2150730.0
J,-0.10113834053750947,0.25900077594079296,0.17821700256953324,128.02000427246094,909993.3333333334
KHC,-0.16715361090130543,0.21170457711360371,0.2503238415642033,22.790000915527344,16360466.666666666
WBD,1.0252038664460041,0.4478178149531782,0.1007486272487323,27.31999969482422,28606880.0
MELI,-0.27387241933127116,0.3341950057824118,0.34033123107647695,1715.52001953125,643733.3333333334
DDOG,-0.19674316903386324,0.4804968889297528,0.44168849340855065,120.36000061035156,4983880.0
ALNY,-0.0302910237797841,0.3249572812488705,0.3146319674911718,318.8500061035156,1123216.6666666667
PHM,0.01396385198802319,0.26109544507678106,0.25389808882065396,117.29000091552734,1785576.6666666667
ACN,-0.28896342514258333,0.2883362382774607,0.27816519847044874,201.3300018310547,8151190.0
ARES,-0.4353278930260579,0.3542420682239305,0.44290214582665943,102.43000030517578,4440490.0
KMI,0.2421484257975568,0.16303364826420746,0.1656409415141975,32.970001220703125,14095916.666666666
JNJ,0.47170610652179623,0.12671189385558498,0.12768252376520423,243.0399932861328,8177410.0
LVS,0.05148929005435088,0.30279779188254236,0.23344663978618155,54.34000015258789,3968636.6666666665
STX,1.86696732332872,0.5760691020084007,0.6480819950203327,429.3599853515625,3533286.6666666665
DE,0.12376716832370627,0.2463470177776975,0.20940238919791931,575.7100219726562,1487663.3333333333
KKR,-0.3976322897369937,0.31626669134079,0.30082624793888474,91.2300033569336,8878426.666666666
PSA,0.005339846996760045,0.1907112601502537,0.21847506498985944,280.3500061035156,1279466.6666666667
CTSH,-0.17289586334065699,0.2568096266571836,0.21775058640743303,62.540000915527344,6807786.666666667
VGT,0.03811404883361669,0.17635219402330388,0.2331881589781083,712.6500244140625,531036.6666666666
IVZ,0.13671447857068508,0.25964637590018863,0.2907623130295058,24.139999389648438,4939886.666666667
PODD,-0.2960168262034343,0.28242670816775634,0.29870104250873436,204.30999755859375,1025906.6666666666
BK,0.22152205559222993,0.17277029551540304,0.16202088367457745,122.12999725341797,3580550.0
TKO,0.21212851510611297,0.27451441730085324,0.3082753261816571,203.75999450683594,1427956.6666666667
ZS,-0.5158376618598783,0.3772059932013293,0.38413609165572815,138.55999755859375,3274893.3333333335
UBER,-0.21305733796228388,0.2684693492158039,0.29713427448302115,71.83999633789062,18221203.333333332
LNT,0.14838817142486027,0.12207084015207399,0.1547088252050966,72.8499984741211,2644510.0
NXPI,-0.11622305786126463,0.30916737974862474,0.28465677309447474,194.5500030517578,2675900.0
EG,-0.022940835425452222,0.1994819857722426,0.149639815041249,327.0899963378906,346620.0
MDT,-0.04619188812185071,0.1618467594477121,0.16349880008693402,86.62999725341797,8024746.666666667
SW,-0.18050914926062622,0.3457345135284715,0.4075275989795995,39.290000915527344,6113700.0
CPRT,-0.2846433388675994,0.20707699442198768,0.22760769101865447,33.400001525878906,9942693.333333334
SCHW,-0.02513950151690625,0.19154654035229474,0.14890002775449068,93.7699966430664,9248496.666666666
GWW,0.06724140222543107,0.21765431523709292,0.18554307814138815,1117.449951171875,251466.66666666666
AMD,0.30654170964798744,0.529561355447992,0.4773567123392545,217.5,36231266.666666664
CVX,0.3266722129089621,0.17361945975653115,0.2286824134893376,198.97000122070312,14038953.333333334
JBHT,0.45054795889046684,0.3343008375858154,0.3044679804421349,214.91000366210938,916140.0
HSIC,0.03470477733986521,0.23958437083148537,0.20141021732571013,73.94000244140625,1492120.0
D,0.1045523337950296,0.14980425394316735,0.1375352969046241,62.77000045776367,5186226.666666667
LII,-0.30643346979356656,0.286054278470348,0.37765075480053434,454.6400146484375,438980.0
NDAQ,-0.07811754755360889,0.20441049012687046,0.20074267131181184,86.6500015258789,3628740.0
BAX,-0.4245662445804219,0.42243674735525555,0.38807512737852423,16.68000030517578,10046763.333333334
TSN,0.22952756014082865,0.19173463082853826,0.21890018369764228,64.62999725341797,3238626.6666666665
MRNA,0.4407027398126364,0.5685159685477541,0.6626644033937586,49.20000076293945,8426446.666666666
ALL,0.07353209146884176,0.1957428851954167,0.15837579727732218,207.02999877929688,1441306.6666666667
ARE,-0.4492100254260445,0.3641646580660902,0.347127942326028,43.22999954223633,2538230.0
DPZ,-0.22631549758627711,0.20592880758049675,0.26962126173233564,370.82000732421875,1094573.3333333333
KDP,-0.2192070629841515,0.24626467368146993,0.18423268785472077,25.309999465942383,10912280.0
NFLX,-0.16424535021478492,0.28392596865994363,0.22180238983677047,98.66000366210938,49188980.0
EQT,0.15404846547289108,0.263658622033845,0.26841015855878425,59.70000076293945,9326936.666666666
TRV,0.13933638773843104,0.14605612429662615,0.1455003643493695,293.989990234375,1477843.3333333333
BMY,0.2753149967512645,0.2260304456710537,0.20544444314025273,59.599998474121094,13801193.333333334
AFL,0.08595848158161634,0.1412140520749378,0.12532958983692913,110.4800033569336,2443216.6666666665
HII,0.516439080226408,0.2933139469561912,0.2956608921845132,396.6199951171875,491653.3333333333
WST,-0.03059556706297606,0.27871897713035865,0.2609526170722837,254.8000030517578,873306.6666666666
WYNN,-0.061592715084012095,0.30001968477829244,0.2894386483528107,102.02999877929688,1917716.6666666667
SNDK,15.515772938224803,0.8969975642162812,0.8825975936828142,701.5900268554688,19241473.333333332
COF,-0.1364366483832401,0.27000451944223464,0.22198556407898407,181.9199981689453,5557520.0
NCLH,-0.20528964955070805,0.4486940887013673,0.5001065518237284,18.93000030517578,22736496.666666668
PEP,0.12601590918516825,0.1708043496789438,0.1594678586935767,157.00999450683594,6590250.0
EBAY,0.16769121387717556,0.3486238041535437,0.21879474806807117,94.13999938964844,5216416.666666667
PTC,-0.3024791074857901,0.2276810411025825,0.22177535693814474,142.64999389648438,1088006.6666666667
SYK,-0.1722453616487276,0.1751486899568079,0.22281485324613393,331.5400085449219,2060336.6666666667
EXC,0.15102803388935881,0.15148451412217626,0.17480795778646702,49.33000183105469,9005263.333333334
CB,0.22347850947080738,0.14243744517246829,0.13597279709007157,328.3299865722656,1767666.6666666667
BF-B,-0.11427250049529158,0.2939894626374821,0.47245855672833575,26.75,7343630.0
HUBB,0.12694244436866042,0.24013700711399047,0.3185623728719362,494.25,512381.4666666667
INTC,1.4338163870174245,0.5758827915931417,0.6229096412674334,50.380001068115234,86759003.33333333
PSX,0.4478425099867429,0.23979977391665822,0.28994380312297485,176.2100067138672,3700973.3333333335
CPT,-0.08479395067145623,0.16416886075252388,0.16154213191230252,100.76000213623047,1112576.6666666667
CF,0.4171326407817484,0.33428427702882635,0.6476336125692611,129.97000122070312,6163740.0
BALL,0.02734115211145771,0.21802335474840143,0.22875615595510285,59.970001220703125,2147936.6666666665
CPB,-0.295202843624358,0.25374322021983836,0.3510269269482818,22.010000228881836,10180256.666666666
KR,0.02815732758387024,0.22012023821145238,0.2869063796754433,72.3499984741211,7097773.333333333
RTX,0.2653633997906939,0.1941490156656929,0.2037162699001631,196.2100067138672,6220290.0
V,-0.1526195629522491,0.17105676347695,0.16443669503978706,300.79998779296875,7756440.0
ASML,0.8624380229977029,0.3302182506194492,0.42816935258789934,1317.22998046875,1650986.6666666667
PNW,0.1641310390227213,0.13204092888747654,0.14288749943229553,102.69999694824219,1374253.3333333333
FANG,0.36778550018967526,0.2454365362461591,0.24018488821314427,193.8800048828125,3891990.0
AVB,-0.1523229944397595,0.17160784006831895,0.16201672240055057,166.02000427246094,1067893.3333333333
HIG,0.11808888290927788,0.14806377410967864,0.16196336844939144,136.19000244140625,1590243.3333333333
CMG,-0.2908468554811352,0.31800484417984015,0.3378538091558407,33.15999984741211,15900520.0
SO,0.0467602221861636,0.13153219946504197,0.14086640305296372,97.44999694824219,5746133.333333333
LHX,0.3380549593877531,0.21141733494448325,0.22478947630474033,356.0,1448210.0
BRO,-0.35824189628197156,0.23952103517286014,0.2464841600299223,65.94999694824219,3382590.0
SOLV,-0.14956522147392348,0.23171288382320007,0.21781956351107773,63.56999969482422,1437946.6666666667
AMGN,0.1602588995973342,0.23273677060342474,0.17919255361080472,347.94000244140625,2689363.3333333335
SGOV,0.027195926912151114,0.001969901469487079,0.00212605491797192,100.43000030517578,19527330.0
VRT,0.9024036036112102,0.5073129403783962,0.5671662281478606,261.2900085449219,9662933.333333334
GEHC,-0.0923323375901216,0.2527203035369167,0.29757503471968083,70.3499984741211,3638850.0
HAL,0.7323000164555791,0.30302989311733664,0.30167121325247537,38.16999816894531,16987803.333333332
MCK,0.24595892321199453,0.26027882767117233,0.21682774792396156,884.280029296875,758140.0
APD,0.0009105859913769443,0.2269117810015759,0.19559604255411425,293.54998779296875,1504720.0
HST,0.2054601132366134,0.20812094144637958,0.2464769996763025,19.139999389648438,9384056.666666666
YUM,0.07918742504407672,0.185517005140389,0.16776402644605534,156.08999633789062,1795353.3333333333
IFF,-0.03703299846631991,0.23884622666970823,0.30230717858195916,72.43000030517578,1779840.0
RF,0.03215384748113426,0.2055579881634475,0.19575821990100342,26.469999313354492,15435190.0
DGX,0.18545142138371684,0.18111664121206741,0.12970557457709136,198.02000427246094,824780.0
FCX,0.3756660037585786,0.3978838415234073,0.49170962597976764,61.380001068115234,18937776.666666668
HD,-0.1268630904068433,0.19119817059843058,0.21897083207637322,321.6300048828125,4333026.666666667
MCO,-0.1355511494648084,0.23162078782234152,0.21930736917940166,440.7900085449219,1413933.3333333333
KMB,-0.2191055736804336,0.21908188508358126,0.1576357203045307,96.12999725341797,4985376.666666667
ACGL,0.08831137954800417,0.16441439755223883,0.1527082594725274,96.73999786376953,1791410.0
HCA,0.41807640409370794,0.21412936287214165,0.15851241902283453,471.8399963378906,1106220.0
STT,0.16410386116429465,0.2036546047014919,0.2219456999789706,128.8000030517578,2135503.3333333335
TJX,0.28700346153892986,0.1374859994288789,0.15482786535529305,161.2899932861328,4855443.333333333
NWSA,-0.16743883494008283,0.21488879146605228,0.17518761878197095,24.399999618530273,4952803.333333333
TFC,0.06857548807027669,0.19193100067509036,0.2203844428198873,47.15999984741211,9744950.0
VOO,0.038867513788718444,0.10270655325405235,0.15437360600272723,602.989990234375,13047680.0
PYPL,-0.4154602617443188,0.34799197208810145,0.27709399578488925,45.34000015258789,23223833.333333332
GNRC,0.23655700838309834,0.45355817004268983,0.3832652682289393,194.08999633789062,1057713.3333333333
MLM,0.0235400046070926,0.20474324947627137,0.25141447242643317,597.1799926757812,586140.0
ON,0.09258609675498741,0.41293667435509895,0.501043972643086,62.189998626708984,7342783.333333333
WFC,-0.02869649219635584,0.2194289663765663,0.23073237416569825,80.5999984741211,18780870.0
CDW,-0.3174621608169441,0.2628962522632973,0.21885902106939428,122.01000213623047,1654560.0
MAS,-0.11529315579165067,0.2495232121211248,0.2665214885125537,59.119998931884766,2498126.6666666665
LUV,0.14844537843030947,0.3686196909813301,0.4573927995837303,37.599998474121094,9706086.666666666
SYF,-0.049643396884045066,0.2504140759245789,0.19886295027332734,68.41999816894531,4140860.0
SRE,0.2539805021865964,0.16441519963924658,0.17774269567155754,99.19999694824219,3605500.0
CRWD,-0.1470337158835211,0.3556094649028661,0.3849442204589064,399.1199951171875,4794710.0
PM,0.009686566931466523,0.2073753057563921,0.291926403700844,158.10000610351562,5199280.0
CCEP,-0.06091741677856233,0.1879875451129434,0.20955185435432014,92.4800033569336,1975180.0
AIZ,0.18539052644716336,0.21541849706510283,0.1835079363827646,218.25999450683594,365606.6666666667
VRTX,-0.06587885200361732,0.3179500566244308,0.34710960139333735,438.7099914550781,1425213.3333333333
NI,0.1487711345624818,0.15020928439014275,0.16863252414600932,47.4900016784668,3596240.0
CLX,-0.20202703072816253,0.20271554041264045,0.26134085529646556,101.13999938964844,2170566.6666666665
PH,0.2369537142603917,0.2053022462961985,0.29537439126673826,908.0599975585938,820310.0
ALLE,-0.14387840481565084,0.18678703406556518,0.15599371812164012,141.05999755859375,871756.6666666666
IRM,0.06799252800931654,0.27217381945977004,0.26447061885431467,103.30000305175781,1562513.3333333333
CHRW,0.6542901286231713,0.37388036731070956,0.25737747049802256,167.83999633789062,1674176.6666666667
PNC,0.09810192756311253,0.1839811802928043,0.1718081445974112,211.6999969482422,2662276.6666666665
DVA,0.0028243002499195313,0.3242783903050378,0.2164927449135781,145.5800018310547,889843.3333333334
CDNS,-0.16096210249474474,0.30423553200696113,0.21826496049643018,278.7200012207031,2452013.3333333335
QQQ,0.03669358297394387,0.1376326094934707,0.1906462813480234,584.97998046875,72449530.0
DTE,0.08844778586881752,0.12763874435549794,0.15692464805413028,148.0399932861328,1272833.3333333333
MSI,0.03408023642625291,0.18095479448260926,0.17913251224858134,438.9599914550781,1100903.3333333333
LH,0.04110886698935601,0.18469916985175067,0.185542354991471,273.7200012207031,585520.0
AON,-0.1315985893528635,0.20167418419556749,0.2327755481093396,323.1400146484375,1394686.6666666667
HPE,0.2083613663846129,0.33211504342003667,0.47383186587924164,24.610000610351562,19873950.0
CTAS,-0.21489871681069928,0.1596829360573502,0.24878518655992948,174.33999633789062,2572880.0
MA,-0.1291513316587488,0.1757511161903618,0.19931763254753185,493.44000244140625,3706296.6666666665
CNC,0.23670311254579923,0.42121083107022833,0.5834013322423615,35.11000061035156,6617103.333333333
KVUE,-0.22401230624477675,0.3003200587299232,0.12943900497410937,17.139999389648438,25472576.666666668
BA,-0.10658198145585063,0.25918733153696616,0.3663867422493096,208.22000122070312,7153366.666666667
BLDR,-0.42019640294696115,0.3902482015157407,0.38241379792485136,79.12000274658203,2402683.3333333335
AME,0.2179204369506862,0.18146430046652387,0.22824593437119617,218.2899932861328,1418260.0
NEE,0.32429191664309354,0.1689409207479752,0.14889888082132707,93.1500015258789,10465543.333333334
VRSK,-0.3749045690489249,0.2631574289133261,0.2758330244655627,185.0800018310547,1994296.6666666667
UNH,0.0071472739281361886,0.34984086617495885,0.2247635958652844,277.260009765625,8626623.333333334
NSC,0.034357265316617536,0.14464321540027889,0.16735046362985456,288.0,1439293.3333333333
DRI,-0.02485694593768295,0.2136525726209157,0.2563422349555193,196.3300018310547,1527330.0
FIX,1.0614629035066172,0.4907339996876801,0.588587433788302,1417.18994140625,469193.3333333333
AMP,-0.1591473717002112,0.21190003833772736,0.16181593869721148,433.94000244140625,691630.0
FTNT,-0.2126502669378273,0.3378154796047069,0.25819378229996454,82.52999877929688,6295820.0
FTV,0.09225217597334923,0.22661043583023924,0.2066835412434171,56.08000183105469,3218923.3333333335
BSX,-0.40814019167074833,0.26726253338972955,0.32320201131227855,62.81999969482422,14910553.333333334
ABBV,0.11434690895282218,0.20729525284679315,0.2303627071333993,208.83999633789062,7105293.333333333
NRG,-0.016763581696520702,0.375388693903646,0.43536146038256424,152.69000244140625,3142253.3333333335
MO,0.15618088923484752,0.1801412308111578,0.17351237604567427,65.76000213623047,9809160.0
NVDA,0.02259063049677068,0.28530825488643785,0.3024607057669206,177.38999938964844,192887940.0
XEL,0.13689096947167556,0.14829691329011865,0.15551594971995908,80.73999786376953,4513343.333333333
FSLR,0.053960714465680626,0.44269572425629367,0.33568593406063685,195.32000732421875,2297090.0
KEY,0.13766894882248093,0.20517635566252773,0.1940586619042042,20.469999313354492,17541446.666666668
CMS,0.10404121155523716,0.12686317445431405,0.15771222639132168,78.58000183105469,2949033.3333333335
INSM,0.5625781379931822,0.38601312522069525,0.46878466493291987,162.42999267578125,2541820.0
JKHY,-0.09752952793086223,0.2051967026893897,0.191478508789535,157.47999572753906,1009273.3333333334
COST,0.08948836759520784,0.15384764492866287,0.1369861823349534,1014.9600219726562,1828773.3333333333
DECK,-0.15866496497758553,0.40328293005625204,0.3378808700992832,98.30999755859375,2255113.3333333335
SPG,0.1698728074246334,0.15688345587535632,0.20319684361363768,188.6699981689453,1757693.3333333333
KIM,0.07461362042639519,0.15283269255470266,0.13750145876460038,22.600000381469727,6329050.0
EQR,-0.07464801947480715,0.16924200002282522,0.15828871923182228,60.27000045776367,2514783.3333333335
ECL,-0.019793878798868403,0.169503064210882,0.21009116636948558,264.2799987792969,1596583.3333333333
UDR,-0.12224523205432869,0.16590122868799828,0.15371398215760465,34.63999938964844,3453603.3333333335
SWKS,-0.20291149946922205,0.29864538761533754,0.2656387201667503,55.189998626708984,3277953.3333333335
RVTY,-0.1409246688657536,0.3089260532298276,0.3167034413983685,88.94000244140625,1089346.6666666667
PANW,-0.1970777621714307,0.2827078461448582,0.3484475373609168,163.2100067138672,9797160.0
CVS,0.23064875279747166,0.25022289322485725,0.18545256390739642,73.48999786376953,7864943.333333333
IBKR,0.03790724876083318,0.3145204806216351,0.33006678711088455,67.73999786376953,4715950.0
COHR,1.5779908651446988,0.6216230043037958,0.7807525793845629,258.1600036621094,9108356.666666666
EA,0.3463120057512581,0.2007960386978703,0.059278741269962486,203.60000610351562,2377213.3333333335
TSLA,0.14089096729503559,0.35462647493797456,0.3611021485557823,360.5899963378906,61862030.0
HWM,0.22996613763339635,0.2459966493935082,0.31214884752902927,232.67999267578125,2395483.3333333335
MS,0.18106701531063352,0.21997252407096154,0.2392700053422633,165.80999755859375,7386123.333333333
ROK,0.029357357287062458,0.2281239229406368,0.24029499272713895,365.0199890136719,1017496.6666666666
CPAY,-0.1266263715056114,0.3057611461697228,0.2777458372074103,293.3399963378906,688700.0
ADBE,-0.34476990729978774,0.2592447026047736,0.3197830062205493,242.9199981689453,6163103.333333333
COR,0.12446659911232705,0.22014311822006863,0.2309086637700482,324.79998779296875,1402436.6666666667
HPQ,-0.2108902351624259,0.27481468196612235,0.22939168577256508,19.510000228881836,20732050.0
BXP,-0.25456880718628694,0.24395820567869908,0.25651865083232406,51.779998779296875,3001203.3333333335
CFG,0.2631416987518347,0.22584768929616358,0.22421343476504196,60.9900016784668,5192806.666666667
DIS,-0.19927840075050973,0.20304259711455425,0.15620622119895908,96.61000061035156,11252793.333333334
CEG,-0.16349841977534008,0.3956528133804883,0.4727186691601315,272.82000732421875,3282120.0
TEL,0.011519258278920086,0.25658131112248406,0.31184939728743555,209.07000732421875,2241716.6666666665
PWR,0.33044417920297153,0.28678000795767244,0.3252520955607505,560.6300048828125,1181103.3333333333
TXN,0.07748001798077997,0.26384747693825794,0.2660579841765049,194.8699951171875,6562266.666666667
RMD,-0.18006657747090027,0.1965081156564817,0.1830108386968255,224.08999633789062,1009443.3333333334
EOG,0.22799566683496564,0.20861637651554976,0.24127826764692228,142.63999938964844,5865893.333333333
GDDY,-0.5079231332875487,0.32147746948523576,0.36574586389062214,81.66999816894531,2666676.6666666665
FIS,-0.4233768285094994,0.24223230015933506,0.21259828694323693,46.290000915527344,6004566.666666667
XYZ,-0.25959870744408375,0.40231021881410506,0.3969772135758802,59.779998779296875,9614870.0
MDLZ,-0.16344750163414223,0.18847839209680653,0.20458276791564464,57.540000915527344,10426130.0
AMT,-0.2301438947038238,0.1990444399752735,0.21510163316946326,173.72999572753906,3323656.6666666665
TPR,0.3163332192491095,0.3377159198147644,0.29389016207752466,141.1999969482422,2060506.6666666667
AOS,-0.09335676238761803,0.19407117538839982,0.22756051634061708,64.3499984741211,1411230.0
DHR,-0.06496317294580078,0.2305843810856214,0.25710061554151153,191.1199951171875,3944110.0
VTRS,0.47373596326635314,0.27033565352509525,0.2250972843690472,13.4399995803833,11131993.333333334
WMB,0.27532675979194887,0.18007435432147484,0.15119050464410264,72.0,6536543.333333333
EL,-0.227174725004472,0.40227792125239226,0.5308425343459134,69.12000274658203,5289036.666666667
MPC,0.4310418681824144,0.25836800658659653,0.3183839965314628,241.72999572753906,2976240.0
MKC,-0.3079000692006215,0.2400585490348529,0.33142662059037414,48.849998474121094,4174506.6666666665
APH,0.22527479228766745,0.35158634111488274,0.3949931872909278,128.0,9415840.0
GEN,-0.3741844217935577,0.23981575570293465,0.2820547388486382,18.889999389648438,7292963.333333333
URI,-0.17222861428713,0.2998189318453642,0.3255195810269444,732.0900268554688,621743.3333333334
AKAM,0.4613003095975232,0.3549538207469313,0.30139274144558914,118.0,4983616.666666667
ETN,-0.07366487853507764,0.26144257697257,0.3021991238968257,361.1000061035156,2628100.0
MOS,-0.2733202854642417,0.38857305755882054,0.6606875057287482,26.170000076293945,11623106.666666666
CAH,0.37333807560496757,0.267979206108358,0.2043823740830723,214.0500030517578,1793116.6666666667
PG,-0.08310752785401299,0.14788416192105458,0.15928036087583705,143.1199951171875,11079006.666666666
META,-0.19205086362227763,0.30425699035938064,0.39398395680570614,574.4600219726562,15341900.0
UAL,0.01207330113875682,0.3828749562323048,0.4859292661610303,92.20999908447266,8488046.666666666
EPAM,-0.19181210581202202,0.3845774395303075,0.2247061687057531,137.99000549316406,1311416.6666666667
REG,0.11524343827865224,0.13324577793884046,0.1145775893816561,76.9800033569336,1354516.6666666667
FISV,-0.5990862427661543,0.5088850052109232,0.256932851304199,56.15999984741211,6841280.0
POOL,-0.36618432212154073,0.2731828492492354,0.19818667987398406,202.92999267578125,803316.6666666666
CBOE,0.1791245500833516,0.1782791262960563,0.2517262264212812,289.95001220703125,901300.0
CRL,-0.01718189912381618,0.3626134291876556,0.4868789758548679,173.88999938964844,973356.6666666666
IQV,-0.1300898925556614,0.30381002495388254,0.28430887527174387,173.25999450683594,1916470.0
MU,2.2965251475387007,0.5409411666556962,0.675094819413717,366.239990234375,44310246.666666664
AIG,-0.042313850417686205,0.2041410946747819,0.18503962136868582,75.41999816894531,4238626.666666667
AES,0.0762357236512885,0.34568232934468934,0.05372165702013291,14.300000190734863,17353426.666666668
ELV,0.05781069482128687,0.29327932536732826,0.22291658954272459,300.739990234375,2156356.6666666665
IP,-0.35488523593825116,0.3420129776241544,0.42228269169184773,34.790000915527344,6717493.333333333
SHW,-0.05868928100492965,0.19355718108201247,0.24240543279701718,318.0,1750070.0
FE,0.26011928339277324,0.11821202408230821,0.13132885481576295,51.310001373291016,4309456.666666667
MMM,-0.03209358732429202,0.225737418441072,0.2540637327828537,144.47000122070312,3923443.3333333335
MRK,0.4640428803473484,0.22340694946179065,0.16357842678153342,120.87000274658203,10204606.666666666
SWK,-0.03910716078496712,0.3105026936870535,0.3149030104752227,68.63999938964844,1774030.0
F,0.04799683554201217,0.25913212543569275,0.2229180392986766,11.600000381469727,58978246.666666664
COIN,-0.5622223226505707,0.5856729363573054,0.6823616756651059,171.4600067138672,12798600.0
AMCR,-0.16932206813006379,0.25547417367859404,0.34014782122574866,39.93000030517578,6752896.666666667
BND,0.036270239539790694,0.03051940314365829,0.04767171925501636,73.58000183105469,9735516.666666666
DAL,0.22825968026302457,0.33380071590758187,0.3978016088677542,66.76000213623047,14205016.666666666
SBAC,-0.11252863698788829,0.2783255157472451,0.6031399185946922,204.0399932861328,1212876.6666666667
HRL,-0.22533822452125774,0.23910368253761188,0.17540293116550498,22.09000015258789,4639940.0
RCL,-0.21532764523729975,0.39407301538380435,0.4559966697538077,273.5899963378906,2654236.6666666665
CTVA,0.1724146990116011,0.20543158713111226,0.2168368691417136,85.45999908447266,4418946.666666667
WEC,0.10030129434267598,0.11930946912249606,0.15396899048729082,117.58000183105469,2021376.6666666667
ESS,-0.11185834858436361,0.18047968532423322,0.1487539833232789,247.33999633789062,513323.3333333333
FITB,0.12897132969936131,0.2220602241421118,0.25909994309180945,47.11000061035156,10589636.666666666
A,-0.03325672809137348,0.2259745989222107,0.2066464487644191,115.4800033569336,2563060.0
ES,0.07773681201686866,0.21869757472335188,0.2055492766770514,69.47000122070312,2783180.0
PPG,-0.09181505739397466,0.22580073180106597,0.3477315432200881,103.23999786376953,2213680.0
COP,0.4097040106747627,0.23345565094008888,0.22370916020250475,130.52000427246094,10899633.333333334
CMCSA,-0.08476812764701569,0.20716560556787478,0.23608645327254035,27.93000030517578,33953383.333333336
ABNB,-0.11577383690469556,0.25318937938622676,0.30142847426503444,124.94999694824219,4263626.666666667
NTAP,-0.0009502053037887537,0.2610421593594989,0.2465871581466677,103.3499984741211,2442020.0
PRU,-0.03530350061720933,0.19161947448118175,0.18861447315788676,97.58000183105469,2432273.3333333335
TSCO,-0.25208467199877904,0.21444307560724613,0.21581886729572813,43.81999969482422,5988776.666666667
DXCM,-0.3008202863882219,0.33779937275401417,0.2671135697470459,62.220001220703125,4000936.6666666665
ICE,-0.10836842811309944,0.19290947827901045,0.2154100475487847,162.97999572753906,3582363.3333333335
ULTA,0.04357705002322532,0.3007195393204149,0.4794256434766608,537.3900146484375,808060.0
PDD,-0.1484170084811559,0.24745338985616927,0.2732926117073468,100.87000274658203,7613803.333333333
EXPE,0.20952740139372117,0.41464510977404323,0.4815887250555014,225.3000030517578,2588036.6666666665
BKNG,-0.250893041278466,0.2678666717208248,0.35476566656052416,167.77239990234375,10813801.666666666
TEAM,-0.6635960546033135,0.4217598387989934,0.45681588935193546,68.29000091552734,6578030.0
SYY,-0.09468041448451703,0.24434910252665137,0.46380627579617284,71.16000366210938,4565226.666666667
CME,0.12804592949366,0.15891860763649138,0.18976199327917836,305.1099853515625,2348020.0
NUE,0.19552131924391003,0.2404087995713656,0.22113381673748198,172.4600067138672,1510040.0
TIPS,-0.9711538448622561,4.3060445418320885,3.0316780805897183,0.0006000000284984708,6147653.333333333
EVRG,0.21913883334138018,0.12507382423225746,0.13910217908522685,82.83999633789062,2127993.3333333335
LRCX,1.2637617368224014,0.4387158662001653,0.5722852358876036,218.44000244140625,10756083.333333334
TER,2.4418790848841687,0.5369063658892562,0.6499552637210548,309.6099853515625,3320693.3333333335
GILD,0.22559035187265897,0.22609191136339146,0.18316652574229558,139.7100067138672,6582383.333333333
EQIX,0.27033739304966087,0.19872283200055083,0.14038680348214302,1000.3699951171875,656293.3333333334
GPN,-0.2462287473380581,0.33675175827298115,0.35564936446974604,64.05000305175781,3914293.3333333335
SNPS,-0.34178369172654266,0.516993195713264,0.3066511963091479,395.95001220703125,2215186.6666666665
AJG,-0.30402405614232075,0.2407340091358747,0.26328667848562987,217.61000061035156,2287553.3333333335
ARKK,-0.1071754559032626,0.3046757447149647,0.3644645694540766,68.55999755859375,11678533.333333334
HOLX,0.1375940079079534,0.13534002974201292,0.02171908858736463,75.6500015258789,3041866.6666666665
GEV,0.39646965341262685,0.40380293596238714,0.4377114812172602,898.5700073242188,2567843.3333333335
INCY,0.3665242802774491,0.28181726318677186,0.22563436196420594,95.93000030517578,1671026.6666666667
ISRG,-0.0883111751723561,0.2543565881167445,0.20126128210468985,452.07000732421875,1675533.3333333333
ATO,0.22484488095275768,0.12461222403897773,0.12236283110883132,188.97000122070312,1141890.0
HUM,-0.24375417161831736,0.42659729392030704,0.279017112323696,177.8300018310547,1632536.6666666667
EIX,0.42937037212429474,0.20599472735142949,0.19362990633415084,73.45999908447266,3563836.6666666665
OKE,0.1290385612107896,0.2057207706295996,0.20027907769594006,88.30000305175781,5645970.0
FDX,0.5102631922054925,0.21706076514022887,0.23649406268787337,361.6300048828125,1994933.3333333333
TAP,-0.11341082603124308,0.22698427194993726,0.23709826743510726,44.040000915527344,2948803.3333333335
MNST,0.19304323983887217,0.19526048713516722,0.18268521591591858,72.37000274658203,6167213.333333333
WSM,-0.001835521763101755,0.2804287278076222,0.24719700139647158,180.1699981689453,1370163.3333333333
TRI,-0.5498346997665202,0.3480339173262454,0.35188662489406314,90.19000244140625,3122266.6666666665
NEM,0.7489602476966801,0.39436065551223537,0.4067161450577529,114.05000305175781,11667363.333333334
FER,0.2576346723448457,0.19332342741211775,0.2605954609256969,66.47000122070312,1358306.6666666667
BEN,-0.01684578737112885,0.22163313408578691,0.29649435212917363,23.399999618530273,5214783.333333333
MRSH,-0.16214517947090246,0.1954620114703617,0.2214053002376019,174.61000061035156,3211686.6666666665
LYV,0.017574823496103065,0.26184312017833883,0.3407309678252943,155.75,3303073.3333333335
BG,0.7117738287580144,0.26022590341793084,0.24917717216077684,129.4199981689453,1953320.0
CIEN,4.053724802223443,0.5750865172893603,0.8694937278140819,447.760009765625,3262256.6666666665
FAST,-0.01530466997530644,0.2011334070823977,0.18589957159121834,46.29999923706055,8007090.0
AMAT,0.8880415867455229,0.403918942156465,0.4714950706226867,348.4700012207031,6968840.0
EXR,-0.08134308344509389,0.21807280052239428,0.20506797548286362,133.86000061035156,1266073.3333333333
T,0.03466856161006482,0.17921350250334983,0.1929578527497046,28.329999923706055,42890060.0
CRH,0.049356245014452016,0.26032904430456116,0.30015284274706183,104.62999725341797,5816046.666666667
VRSN,-0.14197107632143624,0.23262347946530645,0.20702394714134534,259.8500061035156,800126.6666666666
VTI,0.041158210301638354,0.10605393461661931,0.15842661440321912,323.760009765625,6273173.333333333
NVR,-0.1449762815242005,0.20395931354770763,0.19576244493478118,6663.14013671875,25766.666666666668
PGR,-0.16895948153489582,0.18663909358864395,0.17897233414656988,195.25,3093226.6666666665
BBY,-0.003506527015369021,0.2806974867996013,0.2513725213162675,64.5,5477710.0
FOX,0.025001525349083176,0.2327885203776814,0.1435061301967049,52.869998931884766,2115666.6666666665
CARR,-0.3042970442999159,0.2730525186655059,0.32442463011393075,55.709999084472656,6497976.666666667
ERIE,-0.2918503853838157,0.2468280094740721,0.26283895927953943,249.50999450683594,258780.0
MAR,0.19740207784012598,0.22461706403565737,0.22554210355984458,331.92999267578125,1640923.3333333333
PCG,0.27175344036298066,0.22202063705071767,0.2074578171258642,17.770000457763672,22158376.666666668
ZBH,-0.06096605193596227,0.25381166483557305,0.2180496415559452,90.88999938964844,2021873.3333333333
LLY,0.15736529928287113,0.33050670859415626,0.28929428577211586,935.5800170898438,3046846.6666666665
UNP,0.10782694724893771,0.16027524512074856,0.1682473498821652,244.7100067138672,2962726.6666666665
ADM,0.36688072366222846,0.22418598166920217,0.28043259225906614,73.83000183105469,4172956.6666666665
CAG,-0.13271811564982627,0.23358929233685335,0.31590089703609897,15.720000267028809,15791580.0
VNQ,0.012815816970436877,0.11056963594206859,0.13948102044773814,90.2300033569336,4413843.333333333
CSCO,0.1698297737813017,0.22805729554254514,0.24229141063462148,79.0199966430664,23786680.0
ORCL,-0.4002054635600416,0.547869823513456,0.4255335145503021,146.3800048828125,27435543.333333332
DOW,0.6905923784592343,0.38812969922446566,0.43927474400745,41.400001525878906,15488763.333333334
BAC,0.03601377865317179,0.18449552131504263,0.19433992612464362,49.380001068115234,44755083.333333336
VLO,0.754959089452472,0.2799688127777876,0.3591806372262161,244.08999633789062,4378783.333333333
HLT,0.11614490333842609,0.186945481881219,0.2239043971069394,304.95001220703125,1822953.3333333333
TDY,0.1209591618171082,0.20966998875471532,0.2425229103524332,623.1300048828125,308936.6666666667
FOXA,0.044273403454521576,0.23700659190664417,0.1542964865610025,58.619998931884766,4218626.666666667
GPC,-0.20701034100960847,0.24148768193386705,0.25672102123264234,103.47000122070312,2145020.0
BIIB,0.3483880062116449,0.27852740625819533,0.26836458589473516,177.33999633789062,1012136.6666666666
CMI,0.5066412313095128,0.26838651655815027,0.311764269922541,549.6799926757812,893150.0
GS,0.20243402791950693,0.2345003027213425,0.27564184458315044,863.0399780273438,2418153.3333333335
ZBRA,-0.39575204842957523,0.3528065672574033,0.2944364528271811,202.83999633789062,767913.3333333334
PCAR,0.19069434371703853,0.21080705704797184,0.21495485380343765,118.31999969482422,2944340.0
VICI,-0.13229449009802052,0.13831424803881306,0.19776830706106846,27.65999984741211,9726003.333333334
DLR,0.04377006447543286,0.1944122211567494,0.20254679972354633,181.69000244140625,1940166.6666666667
DOV,0.11003007438063084,0.2038442166371891,0.24480750040320984,205.3800048828125,1170770.0
ANET,0.10850543978239258,0.43796841536286163,0.5309522527414732,126.68000030517578,6813746.666666667
PNR,-0.16346968170407505,0.21780466200504553,0.228615210858342,85.81999969482422,1530090.0
AVY,-0.02000847134441741,0.19742014641080927,0.22184407055414965,171.47000122070312,658410.0
BKR,0.3293715150542935,0.25352430091502476,0.3360356772764052,60.380001068115234,10334483.333333334
PFE,0.18198531943370755,0.2143449224264464,0.18627732501685662,28.31999969482422,40504336.666666664
TRGP,0.501972140213824,0.22304636358111135,0.1963499110048063,244.38999938964844,1638676.6666666667
WY,-0.05253933187682314,0.21574908457284644,0.22690388382157228,24.43000030517578,5871650.0
ZTS,-0.21866925071129628,0.23330640893859006,0.24905093810050133,117.94000244140625,4081496.6666666665
MCHP,-0.03131163566428308,0.3562830721106354,0.3766752238455935,65.5999984741211,8640960.0
ODFL,0.19122366178688388,0.3358359321195814,0.39633098652610543,198.0,2243703.3333333335
MTB,0.10906493487878799,0.1837991272063574,0.19886360046680826,210.16000366210938,1273110.0
FICO,-0.28890977222017067,0.4172977148725608,0.6211860672131464,1089.760009765625,363313.3333333333
VTR,0.27755237391586096,0.15023012425381257,0.1663489775023361,83.2699966430664,3073703.3333333335
LYB,0.32577021495589853,0.38405123371926353,0.5282041390791526,79.5999984741211,9824473.333333334
TYL,-0.3925349792767193,0.3166959186790005,0.24679789183414005,338.0299987792969,581570.0
WTW,-0.07002841882562594,0.21540640383290252,0.16994427822537223,288.6400146484375,621140.0
EXE,0.08568010688197414,0.27143835409835365,0.27848160474998335,103.88999938964844,4188326.6666666665
ROL,-0.0632443726119647,0.20208747369381902,0.1834862344781261,53.93000030517578,3095863.3333333335
TTWO,-0.11070080036846497,0.24895562580259,0.21813238321961484,199.8699951171875,1972140.0
TGT,0.1743979578614019,0.2430910702717345,0.16229596523163656,120.44999694824219,6456736.666666667
NOC,0.246862601867603,0.2014845693600285,0.1999958502993914,702.5,834573.3333333334
JPM,-0.004193989958851341,0.1842799625680776,0.1810529780368464,294.6000061035156,11003760.0
DOC,-0.016149204069424994,0.20123234494703235,0.20858941605216874,16.520000457763672,8288583.333333333
PSKY,-0.261952645078226,0.6420671559268206,0.392327368196531,9.520000457763672,16320826.666666666
SMCI,-0.573710321406621,0.6425737052555089,1.1220209819049336,23.219999313354492,40310816.666666664
MTD,-0.003204177928160634,0.22181589514603106,0.29019425286105266,1259.93994140625,173413.33333333334
MET,-0.07981224199356085,0.2018888512905735,0.1882112264260463,70.72000122070312,4171830.0
AWK,0.00321037763907861,0.1856151213551097,0.2034278603559435,138.13999938964844,1883963.3333333333
RL,0.17666312929199024,0.2565796999385453,0.32734785667848226,348.0199890136719,646840.0
QCOM,-0.18563040263249264,0.2757051607115891,0.17217845826498102,126.80000305175781,12044756.666666666
GLW,1.6970398619497167,0.43441271651618374,0.6699801798762883,147.9199981689453,13861460.0
WMT,0.29886214879517525,0.1920979410549753,0.1714585786650334,125.79000091552734,21163936.666666668
AZO,-0.11001826337611953,0.21275241487289728,0.21656507284087909,3400.5400390625,144323.33333333334
LDOS,-0.020377530673590716,0.2554000898933308,0.2060312149699265,158.82000732421875,1220240.0
ORLY,-0.06389520027823925,0.17511905690346544,0.18724195966828475,91.41999816894531,6123010.0
DELL,0.33940584710547395,0.44517745826249405,0.42072922161727555,174.3699951171875,10154326.666666666
CSGP,-0.5702914893149087,0.3348928693907999,0.2864730887231053,39.95000076293945,6444396.666666667
FDS,-0.4507305635464611,0.33812751469530145,0.3378485935667971,227.67999267578125,1047430.0
CHD,-0.035687005662252136,0.18344909019333386,0.1425473911137246,92.8499984741211,2039853.3333333333
